run,dataset
385178,/Global/Online/ALL/
385194,/Global/Online/ALL/
385281,/Global/Online/ALL/
385282,/Global/Online/ALL/
385286,/Global/Online/ALL/
385311,/Global/Online/ALL/
385312,/Global/Online/ALL/
385354,/Global/Online/ALL/
385355,/Global/Online/ALL/
385363,/Global/Online/ALL/
385367,/Global/Online/ALL/
385371,/Global/Online/ALL/
385372,/Global/Online/ALL/
385378,/Global/Online/ALL/
385383,/Global/Online/ALL/
385386,/Global/Online/ALL/
385387,/Global/Online/ALL/
385388,/Global/Online/ALL/
385389,/Global/Online/ALL/
385390,/Global/Online/ALL/
385391,/Global/Online/ALL/
385394,/Global/Online/ALL/
385396,/Global/Online/ALL/
385405,/Global/Online/ALL/
385407,/Global/Online/ALL/
385408,/Global/Online/ALL/
385409,/Global/Online/ALL/

